state,employ_est2,employ_w2,povcat11_1_est2,povcat11_1_w2,povcat11_2_est2,povcat11_2_w2,povcat11_3_est2,povcat11_3_w2,povcat11_4_est2,povcat11_4_w2,povcat11_5_est2,povcat11_5_w2,povcat11_6_est2,povcat11_6_w2,povcat11_7_est2,povcat11_7_w2,povcat11_8_est2,povcat11_8_w2,povcat11_9_est2,povcat11_9_w2,povcat11_10_est2,povcat11_10_w2,povcat11_11_est2,povcat11_11_w2,povcat11_kids_1_est2,povcat11_kids_1_w2,povcat11_kids_2_est2,povcat11_kids_2_w2,povcat11_kids_3_est2,povcat11_kids_3_w2,povcat11_kids_4_est2,povcat11_kids_4_w2,povcat11_kids_5_est2,povcat11_kids_5_w2,povcat11_kids_6_est2,povcat11_kids_6_w2,povcat11_kids_7_est2,povcat11_kids_7_w2,povcat11_kids_8_est2,povcat11_kids_8_w2,povcat11_kids_9_est2,povcat11_kids_9_w2,povcat11_kids_10_est2,povcat11_kids_10_w2,povcat11_kids_11_est2,povcat11_kids_11_w2,povcat11_adults_1_est2,povcat11_adults_1_w2,povcat11_adults_2_est2,povcat11_adults_2_w2,povcat11_adults_3_est2,povcat11_adults_3_w2,povcat11_adults_4_est2,povcat11_adults_4_w2,povcat11_adults_5_est2,povcat11_adults_5_w2,povcat11_adults_6_est2,povcat11_adults_6_w2,povcat11_adults_7_est2,povcat11_adults_7_w2,povcat11_adults_8_est2,povcat11_adults_8_w2,povcat11_adults_9_est2,povcat11_adults_9_w2,povcat11_adults_10_est2,povcat11_adults_10_w2,povcat11_adults_11_est2,povcat11_adults_11_w2,elig_est2,elig_w2,elig_all_adult_est2,elig_all_adult_w2,elig_all_child_est2,elig_all_child_w2
state_Alabama,0.678275889,2161767,0.096727173,403861,0.077723801,324517,0.086026999,359185,0.093105122,388738,0.088484092,369444,0.088908975,371218,0.072296353,301856,0.067146733,280355,0.057621575,240585,0.043922545,183388,0.228036632,952112,0.108282817,129737,0.100224433,120082,0.114295515,136941,0.108134252,129559,0.101179253,121226,0.096142242,115191,0.068733719,82352,0.060530944,72524,0.048069034,57593,0.037568513,45012,0.156839277,187914,0.092076659,274124,0.068668529,204435,0.074650469,222244,0.08705672,259179,0.083374984,248218,0.085997982,256027,0.073730118,219504,0.069809226,207831,0.06146595,182992,0.046479695,138376,0.256689669,764198,0.224398295,936921,0.054091057,161036,0.647579438,775885
state_Alaska,0.728666507,344762,0.075499616,47658,0.050882793,32119,0.059749539,37716,0.074023145,46726,0.070894358,44751,0.065267293,41199,0.073052033,46113,0.059190317,37363,0.061590374,38878,0.064814213,40913,0.345036318,217799,0.03746275,6864,0.058802982,10774,0.083668992,15330,0.102127474,18712,0.095916429,17574,0.076906703,14091,0.084121994,15413,0.05949613,10901,0.061319056,11235,0.069445809,12724,0.270731681,49604,0.091055393,40794,0.047643707,21345,0.0499673,22386,0.062529436,28014,0.060661186,27177,0.060507173,27108,0.068524797,30700,0.05906525,26462,0.061701335,27643,0.062920049,28189,0.375424374,168195,0.217556061,137329,0.186574943,83588,0.293310847,53741
state_Arizona,0.715679287,3301513,0.077891922,466913,0.055854243,334811,0.074531269,446768,0.081527333,488705,0.086281461,517203,0.08034122,481595,0.079275053,475204,0.065082736,390130,0.060894306,365023,0.051274279,307357,0.287046178,1720661,0.081017876,136566,0.07644332,128855,0.109218048,184101,0.103506824,174474,0.100716172,169770,0.087124205,146859,0.078494781,132313,0.060933966,102712,0.055698529,93887,0.044700847,75349,0.202145432,340742,0.076669014,330347,0.047799567,205956,0.060961413,262667,0.072928711,314231,0.08063444,347433,0.077687641,334736,0.079580304,342891,0.066705781,287418,0.062926952,271136,0.053845879,232008,0.320260299,1379919,0.249664936,1496584,0.179748521,774490,0.428382775,722094
state_Arkansas,0.683535032,1303651,0.094174897,237205,0.0756619,190575,0.098689003,248575,0.10403685,262045,0.094382935,237729,0.085069663,214271,0.077629923,195532,0.068652926,172921,0.053114793,133784,0.047505708,119656,0.2010814,506478,0.105087042,78198,0.093007098,69209,0.132978823,98953,0.122301868,91008,0.104249818,77575,0.084742369,63059,0.072632861,54048,0.064131612,47722,0.046219323,34393,0.034698425,25820,0.139950761,104141,0.089599328,159007,0.068388889,121366,0.084310947,149622,0.096378149,171037,0.090245655,160154,0.085206901,151212,0.079725241,141484,0.070548758,125199,0.056006131,99391,0.052875927,93836,0.226714075,402337,0.313832421,790472,0.24094509,427592,0.487659348,362880
state_California,0.711290614,17972542,0.070152861,2290285,0.053988804,1762576,0.068262338,2228565,0.076986829,2513394,0.076552609,2499218,0.074500235,2432214,0.067029364,2188312,0.059017618,1926752,0.052816233,1724295,0.046748061,1526187,0.353945048,11555267,0.070755022,634152,0.077870334,697924,0.097168436,870886,0.096180781,862034,0.094117773,843544,0.079449778,712080,0.066245191,593732,0.055130278,494113,0.046742797,418939,0.041435545,371372,0.274904066,2463867,0.069924991,1656133,0.044951572,1064652,0.057323713,1357679,0.069723466,1651360,0.069905611,1655674,0.072627232,1720134,0.06732611,1594580,0.060488662,1432639,0.055114539,1305356,0.04875842,1154815,0.383855684,9091400,0.251877037,8223046,0.172400365,4083203,0.461899799,4139843
state_Colorado,0.774870697,3002937,0.0633191,312339,0.038523331,190027,0.049252379,242951,0.055802644,275262,0.059875198,295351,0.069025419,340487,0.0670604,330794,0.07133568,351883,0.062772146,309641,0.053802148,265394,0.409231555,2018648,0.063905915,82160,0.052093121,66973,0.07453564,95826,0.07478221,96143,0.072729535,93504,0.078289412,100652,0.073095112,93974,0.074099281,95265,0.062911079,80881,0.052720824,67780,0.320837871,412482,0.063112244,230179,0.03373989,123054,0.040339861,147125,0.049112221,179119,0.055343959,201847,0.0657598,239835,0.064933124,236820,0.070361492,256618,0.062723172,228760,0.054183322,197614,0.440390915,1606166,0.194394557,958905,0.135950473,495830,0.360190255,463075
state_Connecticut,0.754861841,1736534,0.074894574,219229,0.042766934,125186,0.053652541,157050,0.06083081,178062,0.062652024,183393,0.062626402,183318,0.057662901,168789,0.050690975,148381,0.06503214,190360,0.046193454,135216,0.422997245,1238184,0.08042657,62121,0.059917607,46280,0.071939968,55566,0.081213733,62729,0.078882021,60928,0.069711831,53845,0.06539797,50513,0.046821959,36165,0.06146345,47474,0.044573106,34428,0.339651784,262345,0.072911591,157108,0.036619154,78906,0.047097283,101484,0.053524407,115333,0.056834267,122465,0.06008658,129473,0.054890211,118276,0.052077851,112216,0.066311363,142886,0.046774279,100788,0.452873016,975839,0.249045494,728998,0.168587982,363269,0.473500571,365729
state_Delaware,0.752597913,471331,0.073321555,59428,0.052666709,42687,0.050854275,41218,0.07535237,61074,0.067141511,54419,0.088967221,72109,0.063925025,51812,0.067063782,54356,0.064354383,52160,0.064522179,52296,0.331830991,268953,0.075840202,17078,0.077261262,17398,0.066225842,14913,0.100784248,22695,0.074565689,16791,0.104123739,23447,0.064098693,14434,0.061278776,13799,0.06184276,13926,0.056500462,12723,0.257478329,57980,0.072352595,42350,0.043204836,25289,0.044940614,26305,0.065568365,38379,0.064285324,37628,0.083136293,48662,0.063858213,37378,0.069289356,40557,0.065320641,38234,0.067608247,39573,0.360435516,210973,0.211647699,171543,0.164837493,96484,0.333322971,75059
state_District of Columbia,0.774248376,367617,0.127859305,75348,0.043651494,25724,0.029519569,17396,0.03399943,20036,0.030788863,18144,0.059332704,34965,0.035416356,20871,0.028890013,17025,0.032368693,19075,0.037607075,22162,0.540566499,318558,0.158888569,21541,0.053816025,7296,0.035648691,4833,0.04881503,6618,0.039506391,5356,0.091183348,12362,0.02685638,3641,0.020003983,2712,0.025314775,3432,0.018064069,2449,0.481902739,65333,0.118587886,53807,0.040614373,18428,0.027688212,12563,0.029572588,13418,0.0281841,12788,0.04981586,22603,0.037974042,17230,0.031545123,14313,0.034476375,15643,0.043446447,19713,0.558094995,253225,0.282087004,166235,0.232681919,105575,0.447434224,60660
state_Florida,0.722242794,10005865,0.071138949,1258887,0.056499567,999826,0.076796387,1359002,0.087576064,1549761,0.085894683,1520007,0.085414805,1511515,0.079521723,1407230,0.068989501,1220850,0.060029031,1062284,0.049046994,867944,0.279092296,4938865,0.078204685,363937,0.082076702,381956,0.109485743,509508,0.109264626,508479,0.098146035,456737,0.08811068,410036,0.080024548,372406,0.064759102,301366,0.049731963,231435,0.040057185,186412,0.20013873,931375,0.068617853,894950,0.047373499,617870,0.065132638,849494,0.079837461,1041282,0.081523331,1063270,0.084452902,1101479,0.079342311,1034824,0.070498931,919484,0.063703084,830849,0.05225461,681532,0.307263379,4007490,0.132658472,2347547,0.033564209,437762,0.410384587,1909785
state_Georgia,0.714560305,5086699,0.084506813,788522,0.064611988,602886,0.077632319,724377,0.082349886,768396,0.083308639,777342,0.083182392,776164,0.071513275,667281,0.064405041,600955,0.056549824,527659,0.050785302,473871,0.281154521,2623416,0.094909695,255275,0.090478655,243357,0.106414486,286219,0.101975267,274279,0.096737062,260190,0.089054312,239526,0.068250211,183570,0.059723118,160635,0.04964713,133534,0.042672648,114775,0.200137415,538302,0.080293688,533247,0.054136093,359529,0.065975658,438158,0.074401686,494117,0.077870182,517152,0.080804288,536638,0.072834802,483711,0.066301201,440320,0.059345387,394125,0.054070894,359096,0.313966121,2085114,0.173098025,1615155,0.043156914,286614,0.493943477,1328541
state_Hawaii,0.742045415,646047,0.066466186,75214,0.045009204,50933,0.05555963,62872,0.058043695,65683,0.084041983,95103,0.07861875,88966,0.074932861,84795,0.066539533,75297,0.069300194,78421,0.054752817,61959,0.346735147,392370,0.050638313,15664,0.058212724,18007,0.069954191,21639,0.074557674,23063,0.115565527,35748,0.093036262,28779,0.079206416,24501,0.078171926,24181,0.076406826,23635,0.050279474,15553,0.253970666,78561,0.072420411,59550,0.040042224,32926,0.050144598,41233,0.051831367,42620,0.072183266,59355,0.073195084,60187,0.07332521,60294,0.062163589,51116,0.066626778,54786,0.056435627,46406,0.381631849,313809,0.250426603,283386,0.165280281,135907,0.476767605,147479
state_Idaho,0.729743273,888334,0.063921311,103737,0.051444156,83488,0.076028138,123385,0.105887906,171844,0.086277163,140018,0.089491807,145235,0.09671659,156960,0.067582689,109679,0.06455475,104765,0.060542761,98254,0.23755273,385521,0.057841828,28597,0.063656958,31472,0.106636327,52721,0.132174353,65347,0.103895631,51366,0.103458738,51150,0.099433657,49160,0.06332322,31307,0.061464401,30388,0.05059466,25014,0.157520227,77878,0.066584787,75140,0.046093616,52016,0.062618411,70664,0.094371574,106497,0.078558352,88652,0.083372767,94085,0.095526218,107800,0.069448801,78372,0.06590866,74377,0.064901115,73240,0.272615699,307643,0.218744878,354998,0.172343299,194487,0.324658172,160511
state_Illinois,0.742733431,5929648,0.073095949,755735,0.050536588,522495,0.058100319,600696,0.073850959,763541,0.071695033,741251,0.075736741,783038,0.074230495,767465,0.065610853,678347,0.061956031,640560,0.05307882,548779,0.342108213,3537038,0.080015584,229407,0.065623682,188145,0.081007203,232250,0.093625841,268428,0.086719039,248626,0.082162406,235562,0.074778804,214393,0.062447572,179039,0.058892324,168846,0.048043114,137741,0.266684432,764592,0.070440835,526328,0.044747559,334350,0.049310779,368446,0.066263191,495113,0.065930211,492625,0.073271166,547476,0.074020104,553072,0.066824627,499308,0.063131598,471714,0.055011057,411038,0.371048872,2772446,0.262014548,2708954,0.165270193,1234885,0.514145131,1474069
state_Indiana,0.739978289,3176601,0.078219891,444253,0.056471299,320731,0.072250217,410348,0.093490318,530982,0.086138666,489228,0.088179148,500817,0.079716491,452753,0.074487018,423052,0.063660613,361563,0.054543326,309781,0.252843012,1436032,0.084843452,142022,0.074414701,124565,0.096843357,162109,0.115758723,193772,0.103156643,172677,0.096974186,162328,0.080956193,135515,0.069575789,116465,0.058872235,98548,0.044491705,74476,0.174113015,291453,0.075451929,302231,0.048972816,196166,0.061972833,248239,0.084184431,337210,0.079026915,316551,0.084503734,338489,0.079198424,317238,0.076539403,306587,0.06566166,263015,0.058743862,235305,0.285743994,1144579,0.274097726,1556749,0.185349298,742437,0.486467176,814312
state_Iowa,0.780646539,1542556,0.073043526,190555,0.053925445,140680,0.062146124,162126,0.080382952,209702,0.087056168,227111,0.090946482,237260,0.087806325,229068,0.064479009,168212,0.066604901,173758,0.060899951,158875,0.272709117,711440,0.079783068,61316,0.065879974,50631,0.077221047,59347,0.101851057,78276,0.106144946,81576,0.103943352,79884,0.090917253,69873,0.059631714,45829,0.062036292,47677,0.052445305,40306,0.200145992,153819,0.07022893,129239,0.048932946,90049,0.055850473,102779,0.071417354,131426,0.079084235,145535,0.085518676,157376,0.086507127,159195,0.066503356,122383,0.068512862,126081,0.064430815,118569,0.303013227,557621,0.321571673,838912,0.179160691,329701,0.66257446,509211
state_Kansas,0.764166596,1392323,0.071673613,173617,0.055782702,135124,0.074680638,180901,0.081048479,196326,0.087505903,211968,0.088159407,213551,0.078939351,191217,0.073766641,178687,0.064953631,157339,0.055202268,133718,0.268287367,649880,0.06204009,45089,0.070400346,51165,0.099095727,72020,0.099293864,72164,0.10591905,76979,0.09688458,70413,0.081662475,59350,0.073124721,53145,0.057579268,41847,0.054279747,39449,0.199720132,145151,0.075802863,128528,0.049517091,83959,0.064215514,108881,0.073227897,124162,0.079613413,134989,0.084419506,143138,0.077772129,131867,0.074041789,125542,0.06811453,115492,0.055597692,94269,0.297677576,504729,0.157058004,380446,0.032426531,54981,0.447822701,325465
state_Kentucky,0.696037349,1971981,0.10391867,387011,0.079400737,295702,0.083639263,311487,0.088164832,328341,0.086931538,323748,0.082078379,305674,0.076807408,286044,0.068848592,256404,0.055642704,207223,0.050050051,186395,0.224517826,836143,0.123029634,131163,0.094776425,101042,0.106294009,113321,0.109450347,116686,0.098789148,105320,0.081710219,87112,0.075938764,80959,0.063816176,68035,0.046005615,49047,0.038592677,41144,0.161596985,172280,0.09625355,255848,0.07323378,194660,0.074552785,198166,0.079627533,211655,0.082175629,218428,0.082226042,218562,0.077155809,205085,0.070867019,188369,0.059507995,158176,0.054645432,145251,0.249754426,663863,0.304793925,1135105,0.239950295,637803,0.466464498,497302
state_Louisiana,0.671088055,1906182,0.108064321,408342,0.094058953,355420,0.089150378,336872,0.091323087,345082,0.088684609,335112,0.080944898,305866,0.06701707,253237,0.065171194,246262,0.048793578,184376,0.048550108,183456,0.218241805,824669,0.123680157,139309,0.121607117,136974,0.110147244,124066,0.102040635,114935,0.096474944,108666,0.079113786,89111,0.068262952,76889,0.060181202,67786,0.042440062,47803,0.04551189,51263,0.150540011,169563,0.101432741,269033,0.082360069,218446,0.080233636,212806,0.086771664,230147,0.085376286,226446,0.081722516,216755,0.066487981,176348,0.067290295,178476,0.051491727,136573,0.049840348,132193,0.246992737,655106,0.350924949,1326038,0.261131255,692606,0.562368326,633432
state_Maine,0.755160812,651114,0.067131542,72252,0.04644352,49986,0.062811085,67602,0.070031358,75373,0.072681239,78225,0.08584516,92393,0.082399015,88684,0.076717382,82569,0.075868156,81655,0.053608046,57697,0.306463497,329839,0.073777908,19080,0.060808773,15726,0.085540613,22122,0.093900562,24284,0.08789934,22732,0.089364845,23111,0.091259561,23601,0.094244704,24373,0.064981014,16805,0.0451213,11669,0.213101379,55111,0.065029395,53172,0.041900005,34260,0.055622073,45480,0.062481884,51089,0.06786798,55493,0.084731937,69282,0.079596557,65083,0.07117375,58196,0.079311597,64850,0.056292278,46028,0.335992545,274728,0.248305498,267245,0.166943269,136503,0.50554881,130742
state_Maryland,0.762670516,2984030,0.066030622,337646,0.036391879,186089,0.052808501,270035,0.059193785,302686,0.055813697,285402,0.065926192,337112,0.067976852,347598,0.056834138,290620,0.061269673,313301,0.051869609,265234,0.425885054,2177753,0.067942038,97737,0.048174706,69301,0.076209477,109630,0.076304018,109766,0.068831832,99017,0.07517092,108136,0.074317274,106908,0.059351354,85379,0.062275857,89586,0.047147967,67824,0.344274557,495251,0.065282409,239909,0.031779558,116788,0.04364832,160405,0.052496081,192920,0.050717821,186385,0.062307395,228976,0.065494929,240690,0.055848788,205241,0.060875807,223715,0.053717869,197410,0.457831024,1682502,0.228412336,1167981,0.1433106,526658,0.445816751,641323
state_Massachusetts,0.762680674,3461517,0.077796947,444040,0.044998151,256835,0.047648966,271965,0.047850799,273117,0.048045624,274229,0.053202361,303662,0.055068794,314315,0.054254102,309665,0.051321562,292927,0.049535722,282734,0.470276972,2684190,0.080044934,114864,0.060168893,86342,0.069436527,99641,0.06222465,89292,0.057125674,81975,0.058672022,84194,0.06191106,88842,0.055923579,80250,0.049627385,71215,0.045535382,65343,0.399329893,573036,0.077041954,329176,0.039903012,170493,0.040331548,172324,0.043023298,183825,0.044996062,192254,0.051365359,219468,0.052770799,225473,0.053693404,229415,0.051890556,221712,0.050879248,217391,0.494104761,2111154,0.219096063,1250530,0.161201914,688765,0.391475504,561765
state_Michigan,0.721363446,4512005,0.081393837,659741,0.06331213,513179,0.070313391,569928,0.080233149,650333,0.082861968,671641,0.084197351,682465,0.076195664,617607,0.065661264,532220,0.06470081,524435,0.050745539,411320,0.280384897,2272671,0.094379304,211501,0.080888705,181269,0.096216903,215619,0.09974395,223523,0.098619882,221004,0.088334595,197955,0.077724001,174177,0.062216863,139426,0.058024925,130032,0.044080504,98783,0.199770367,447679,0.076431835,448240,0.056595775,331910,0.060415151,354309,0.072777689,426810,0.076840561,450637,0.08261643,484510,0.075611656,443430,0.066977437,392794,0.067251796,394403,0.05329238,312537,0.311189291,1824992,0.250408856,2029699,0.192355384,1128082,0.402333724,901617
state_Minnesota,0.798382473,2855866,0.054732499,257961,0.046157718,217547,0.051561565,243016,0.055325312,260755,0.06906949,325533,0.072117363,339898,0.070884634,334088,0.070161122,330678,0.071907523,338909,0.059188356,278962,0.378894419,1785776,0.057763319,78763,0.055181083,75242,0.071491485,97482,0.072695697,99124,0.089317053,121788,0.083139048,113364,0.078144721,106554,0.068985521,94065,0.068575561,93506,0.050480842,68833,0.30422567,414826,0.053498711,179198,0.042484482,142305,0.043448484,145534,0.048254167,161631,0.060827102,203745,0.067630649,226534,0.067929195,227534,0.070639687,236613,0.0732639,245403,0.062733015,210129,0.409290609,1370950,0.218571847,1030156,0.141554334,474147,0.407766656,556009
state_Mississippi,0.658709641,1209769,0.113301513,274483,0.088238244,213765,0.102946889,249398,0.106803919,258742,0.094055574,227858,0.087505144,211989,0.071090474,172223,0.064187116,155499,0.05561612,134735,0.041440376,100393,0.17481463,423504,0.135434022,97545,0.10666861,76827,0.128244752,92367,0.123631012,89044,0.102735199,73994,0.091357048,65799,0.06552538,47194,0.05489559,39538,0.048467178,34908,0.032787682,23615,0.110253527,79409,0.103937559,176938,0.080440615,136938,0.092243717,157031,0.099684612,169698,0.090383347,153864,0.085875458,146190,0.073444987,125029,0.06811823,115961,0.058640737,99827,0.04510121,76778,0.202129528,344095,0.197695936,478936,0.062671638,106689,0.516837443,372247
state_Missouri,0.743771891,2870810,0.071851504,363295,0.05486283,277397,0.082966588,419495,0.086357085,436638,0.089064458,450327,0.086149616,435589,0.080026827,404631,0.070153586,354710,0.058191026,294225,0.054286902,274485,0.266089579,1345400,0.076255088,110152,0.064666464,93412,0.116604131,168437,0.107096475,154703,0.107016864,154588,0.097027386,140158,0.081688035,118000,0.062853405,90793,0.050885415,73505,0.045422009,65613,0.190484728,275159,0.070090252,253143,0.05094178,183985,0.069512957,251058,0.078062183,281935,0.081884235,295739,0.081798956,295431,0.079362412,286631,0.073073358,263917,0.061112969,220720,0.057832494,208872,0.296328404,1070241,0.300289625,1518322,0.190405441,687682,0.575028383,830640
state_Montana,0.751447109,522001,0.070264845,63286,0.052393863,47190,0.07634693,68764,0.086029635,77485,0.089215014,80354,0.099321844,89457,0.070612361,63599,0.071084228,64024,0.061400412,55302,0.061331575,55240,0.261999294,235977,0.066761777,16519,0.067266966,16644,0.106299913,26302,0.105115749,26009,0.101733001,25172,0.113000744,27960,0.067832778,16784,0.075774354,18749,0.049738918,12307,0.061823046,15297,0.184652753,45689,0.071591713,46767,0.046760332,30546,0.065001546,42462,0.078800329,51476,0.084473537,55182,0.094140645,61497,0.071665192,46815,0.069307734,45275,0.065817472,42995,0.061145418,39943,0.291296081,190288,0.265958533,239543,0.179156091,117033,0.495125934,122510
state_Nebraska,0.798905664,970803,0.056416211,92313,0.049586716,81138,0.060212616,98525,0.091994365,150529,0.095342804,156008,0.099164877,162262,0.069899192,114375,0.07436724,121686,0.059316073,97058,0.05442756,89059,0.289272346,473332,0.044518304,22556,0.055109066,27922,0.085831353,43488,0.121237181,61427,0.11221352,56855,0.114323383,57924,0.06577088,33324,0.074291252,37641,0.058166294,29471,0.040855156,20700,0.227683611,115360,0.061752789,69757,0.047109773,53216,0.048721823,55037,0.078878062,89102,0.087775768,99153,0.09236582,104338,0.071750868,81051,0.074401324,84045,0.059831784,67587,0.060515201,68359,0.316896789,357972,0.216041826,353506,0.15798275,178460,0.345484617,175046
state_Nevada,0.72383688,1475949,0.064204887,169474,0.052808381,139392,0.079355398,209465,0.088532612,233689,0.091252362,240868,0.084185331,222214,0.08059764,212744,0.073499923,194009,0.067957755,179380,0.050896335,134345,0.266709375,704001,0.073534563,53111,0.076613791,55335,0.123300644,89055,0.114928301,83008,0.109739027,79260,0.088364423,63822,0.08014438,57885,0.06790085,49042,0.058204882,42039,0.041889405,30255,0.165379732,119447,0.06069038,116363,0.043840836,84057,0.062801136,120410,0.078589303,150681,0.084288398,161608,0.082611059,158392,0.080768384,154859,0.075609105,144967,0.071631682,137341,0.054289264,104090,0.304880453,584554,0.227755087,601178,0.164462725,315328,0.395772154,285850
state_New Hampshire,0.784921844,704465,0.056566009,62938,0.025777268,28681,0.038711289,43072,0.050115625,55761,0.048161726,53587,0.073436589,81709,0.069266353,77069,0.068449382,76160,0.063084698,70191,0.070791545,78766,0.435639515,484713,0.05216923,13950,0.029659797,7931,0.056339029,15065,0.065834203,17604,0.061234335,16374,0.106915134,28589,0.080804341,21607,0.075134911,20091,0.067681629,18098,0.074364526,19885,0.329862864,88205,0.057956955,48988,0.024549008,20750,0.033134654,28007,0.045142964,38157,0.044026132,37213,0.062845461,53120,0.065616245,55462,0.066334378,56069,0.061630433,52093,0.069661212,58881,0.469102559,396508,0.19097881,212492,0.121516999,102712,0.410547534,109780
state_New Jersey,0.749214122,4401125,0.054281481,414704,0.044037864,336444,0.053987105,412455,0.060725168,463933,0.0623981,476714,0.060870982,465047,0.058399216,446163,0.054639209,417437,0.053340367,407514,0.050983,389504,0.446337508,3409965,0.059061401,125431,0.065015051,138075,0.07569433,160755,0.078205938,166089,0.071416968,151671,0.06863932,145772,0.058815608,124909,0.055175801,117179,0.047671583,101242,0.047967288,101870,0.372336714,790746,0.05244119,289273,0.035961554,198369,0.045629726,251700,0.053994994,297844,0.058925796,325043,0.057880138,319275,0.058238903,321254,0.054432619,300258,0.055522874,306272,0.052144062,287634,0.474828145,2619219,0.23005021,1757556,0.133293003,735263,0.481364706,1022293
state_New Mexico,0.686121805,891664,0.096851403,163678,0.081490375,137718,0.100036036,169060,0.102214154,172741,0.080417588,135905,0.090370895,152726,0.071313398,120519,0.068035865,114980,0.04935115,83403,0.043602599,73688,0.216316537,365573,0.113797922,54477,0.110405521,52853,0.124495265,59598,0.130899884,62664,0.087724062,41995,0.097886643,46860,0.069466929,33255,0.061046506,29224,0.045515409,21789,0.029884044,14306,0.128877813,61696,0.090153838,109201,0.070062595,84865,0.090369314,109462,0.090877044,110077,0.07752994,93910,0.087400539,105866,0.072043155,87264,0.070798184,85756,0.050867104,61614,0.049024416,59382,0.250873873,303877,0.369709661,624806,0.249099708,301728,0.674883073,323078
state_New York,0.717870487,8934629,0.089895844,1432233,0.062391752,994034,0.064432533,1026548,0.069789252,1111892,0.064251515,1023664,0.065011363,1035770,0.061167497,974529,0.05933397,945317,0.054570579,869426,0.047922821,763513,0.361232874,5755212,0.105571455,442983,0.089898617,377219,0.090640505,380332,0.087734676,368139,0.077434272,324918,0.066599079,279453,0.061204957,256819,0.055070139,231077,0.047840004,200739,0.043649633,183156,0.274356663,1151214,0.084291283,989250,0.052557117,616815,0.055062295,646216,0.063373156,743753,0.059538233,698746,0.0644437,756317,0.061154103,717710,0.060858434,714240,0.056976988,668687,0.04945063,580357,0.39229406,4603998,0.310400902,4945350,0.193052728,2265684,0.63861647,2679666
state_North Carolina,0.726908805,4997743,0.083878164,748056,0.06133681,547024,0.07528522,671421,0.085025348,758287,0.082779084,738254,0.083765924,747055,0.075197536,670639,0.065299757,582367,0.056890591,507371,0.049010334,437092,0.281531232,2510798,0.09645337,237857,0.087637179,216116,0.104540048,257799,0.106081797,261601,0.091863403,226538,0.086990391,214521,0.07364141,181602,0.056857355,140212,0.048182282,118819,0.038617114,95231,0.209135652,515735,0.079072019,510199,0.051285016,330908,0.064104255,413622,0.076977738,496686,0.079307128,511716,0.082533558,532534,0.075792275,489037,0.068526376,442155,0.060218839,388552,0.052982541,341861,0.309200254,1995063,0.2562803,2285601,0.191252063,1234022,0.426425702,1051579
state_North Dakota,0.813072113,395175,0.073628808,47801,0.040331723,26184,0.039621636,25723,0.061517276,39938,0.089671234,58216,0.078477733,50949,0.078904402,51226,0.068758318,44639,0.074078581,48093,0.063279402,41082,0.331730888,215365,0.07449607,14188,0.040996991,7808,0.043081495,8205,0.0648874,12358,0.109785616,20909,0.093450878,17798,0.072154285,13742,0.065144681,12407,0.087333883,16633,0.081190635,15463,0.267478065,50942,0.073268768,33613,0.040055541,18376,0.038185294,17518,0.060118187,27580,0.081320856,37307,0.072261712,33151,0.081706676,37484,0.070258499,32232,0.068575713,31460,0.055843649,25619,0.358405102,164423,0.177096683,114974,0.153630524,70480,0.233621943,44494
state_Ohio,0.740041528,5409560,0.080581848,771406,0.06225782,595991,0.070844515,678191,0.078654333,752954,0.078033208,747008,0.081351308,778772,0.078409268,750608,0.071247735,682051,0.062820552,601378,0.053842546,515432,0.281956868,2699159,0.091162825,248723,0.082784098,225863,0.099703189,272024,0.099662139,271912,0.088522756,241520,0.083933882,229000,0.081033582,221087,0.066296038,180878,0.055748225,152100,0.045358016,123752,0.20579525,561479,0.076364153,522683,0.054075819,370128,0.059341128,406167,0.07028039,481042,0.073851958,505488,0.080321865,549772,0.077363187,529521,0.073221535,501173,0.065639659,449278,0.057224573,391680,0.312315731,2137680,0.248241973,2376408,0.189957736,1300187,0.39446029,1076221
state_Oklahoma,0.692270967,1748718,0.09786602,330427,0.079697718,269085,0.09826379,331770,0.088931144,300260,0.096746162,326646,0.087320515,294822,0.071210075,240428,0.069099789,233303,0.05830875,196869,0.044945384,151750,0.207610653,700960,0.104083139,106853,0.103453885,106207,0.126660316,130031,0.105927069,108746,0.111534835,114503,0.09119609,93623,0.068523454,70347,0.062279615,63937,0.052213494,53603,0.036773387,37752,0.137354716,141010,0.095149695,223574,0.0693184,162878,0.085857051,201739,0.081505447,191514,0.090284835,212143,0.085627235,201199,0.072383888,170081,0.072079595,169366,0.060971831,143266,0.048515816,113998,0.238306207,559950,0.308495936,1041581,0.242070504,568795,0.460530366,472786
state_Oregon,0.732887861,1961290,0.072319914,246091,0.053633305,182504,0.064282148,218740,0.076221101,259366,0.073078699,248673,0.076665733,260879,0.071521751,243375,0.065831455,224012,0.060073275,204418,0.057782228,196622,0.328590392,1118131,0.069853435,61377,0.069419817,60996,0.081756869,71836,0.096740014,85001,0.08627742,75808,0.087150346,76575,0.078714716,69163,0.062931484,55295,0.055528115,48790,0.054346762,47752,0.257281023,226061,0.073178491,184714,0.048138052,121508,0.058199232,146904,0.069078508,174365,0.06848425,172865,0.07301606,184304,0.069017894,174212,0.066840929,168717,0.061655436,155628,0.058978106,148870,0.35341304,892070,0.26019106,885381,0.177087638,446997,0.498926768,438384
state_Pennsylvania,0.735195173,5930718,0.088378569,916014,0.051051544,529132,0.064655268,670130,0.073536021,762176,0.073917702,766132,0.073947708,766443,0.068321861,708133,0.067678136,701461,0.063670962,659928,0.052451204,543639,0.322391024,3341474,0.10201783,286488,0.066528738,186827,0.093129265,261527,0.093298056,262001,0.090525476,254215,0.08236442,231297,0.066776226,187522,0.061542296,172824,0.058177882,163376,0.043714958,122761,0.241924853,679377,0.083309788,629526,0.045299729,342305,0.054073429,408603,0.066191823,500175,0.067745728,511917,0.070819791,535146,0.068896268,520611,0.069958408,528637,0.065712365,496552,0.05569787,420878,0.352294802,2662097,0.283882388,2942345,0.185122849,1398871,0.549628145,1543474
state_Rhode Island,0.740894666,521801,0.085145756,75182,0.036317923,32068,0.050310313,44423,0.072258715,63803,0.055089583,48643,0.065020725,57412,0.079568054,70257,0.06283268,55480,0.081692677,72133,0.046976149,41479,0.364787424,322100,0.110980566,24465,0.042505126,9370,0.071287946,15715,0.113167063,24947,0.063217869,13936,0.07470378,16468,0.076645316,16896,0.053936601,11890,0.089238083,19672,0.039697157,8751,0.264620493,58334,0.076549803,50717,0.03425927,22698,0.043330476,28708,0.058647379,38856,0.052385078,34707,0.061798906,40944,0.080540529,53361,0.065792651,43590,0.079182112,52461,0.04939807,32728,0.398115725,263766,0.220687898,194863,0.155063272,102735,0.417920197,92128
state_South Carolina,0.717111486,2389840,0.090014835,390328,0.066657857,289046,0.08212786,356128,0.08916664,386650,0.087099422,377686,0.084798823,367710,0.078588176,340779,0.06323348,274197,0.060930806,264212,0.051318612,222531,0.246063488,1066996,0.104024796,126560,0.092624481,112690,0.110435933,134360,0.111690214,135886,0.096526233,117437,0.084749468,103109,0.082618177,100516,0.055012481,66930,0.052925574,64391,0.040030971,48703,0.169361673,206051,0.084551053,263768,0.056531063,176356,0.071087917,221768,0.080382609,250764,0.083423034,260249,0.084818071,264601,0.077016505,240263,0.06643961,207267,0.064052788,199821,0.05572071,173828,0.275976638,860945,0.162195882,703324,0.052930315,165123,0.442369227,538201
state_South Dakota,0.791508004,440661,0.083819581,62847,0.061606665,46192,0.070815923,53097,0.091074956,68287,0.089355805,66998,0.063668579,47738,0.077388439,58025,0.080872085,60637,0.070467825,52836,0.047584054,35678,0.263346088,197454,0.088075022,20559,0.081143489,18941,0.098390925,22967,0.116328087,27154,0.111418608,26008,0.062855038,14672,0.077947615,18195,0.085851619,20040,0.06686059,15607,0.039378647,9192,0.171750362,40091,0.081895876,42288,0.052774889,27251,0.058350424,30130,0.079659077,41133,0.07938214,40990,0.064036347,33066,0.077135658,39830,0.078621048,40597,0.072098504,37229,0.051293373,26486,0.304752664,157363,0.252764444,189520,0.185133327,95596,0.40237163,93924
state_Tennessee,0.71994619,3240521,0.080248699,471750,0.069086857,406134,0.076140918,447602,0.088631987,521032,0.087403634,513811,0.08606624,505949,0.073088661,429659,0.071013337,417459,0.062030075,364650,0.050154799,294840,0.256134794,1505714,0.096141054,157976,0.09692308,159261,0.1023364,168156,0.110879648,182194,0.10225911,168029,0.089982223,147856,0.070945228,116575,0.061613261,101241,0.0547643,89987,0.038839584,63820,0.175316112,288074,0.074083133,313774,0.058287575,246873,0.065978173,279446,0.080000831,338838,0.081640334,345782,0.084547004,358093,0.073920222,313084,0.07466017,316218,0.06484889,274663,0.054544626,231020,0.287489042,1217640,0.196463954,1154933,0.072130794,305505,0.516945001,849428
state_Texas,0.722968438,14214007,0.076063818,2001115,0.068719881,1807908,0.081895119,2154527,0.087983789,2314710,0.08316977,2188061,0.081680852,2148890,0.0750912,1975527,0.067020422,1763198,0.0555432,1461251,0.046295382,1217956,0.276536565,7275226,0.085486002,680846,0.098231697,782358,0.111055614,884493,0.105601855,841057,0.093730801,746511,0.082340385,655793,0.072583988,578089,0.060934796,485310,0.048647641,387450,0.038889611,309733,0.20249761,1612775,0.071972978,1320269,0.055906704,1025550,0.069234474,1270034,0.080334534,1473653,0.078584475,1441550,0.081394502,1493097,0.076179759,1397438,0.069662626,1277888,0.058537053,1073801,0.049510754,908223,0.308682141,5662451,0.146245896,3847491,0.031756785,582545,0.409941722,3264946
state_Utah,0.766534164,1674001,0.052363862,157206,0.04882877,146593,0.057662003,173112,0.074172311,222679,0.089528127,268780,0.090282244,271044,0.091231553,273894,0.090726587,272378,0.06166642,185134,0.055873639,167743,0.287664484,863622,0.050948082,50589,0.060934466,60505,0.07271852,72206,0.09270438,92051,0.111059749,110277,0.105305191,104563,0.099673499,98971,0.101041138,100329,0.059179094,58762,0.048611615,48269,0.197824265,196430,0.053063532,106617,0.042846201,86088,0.050221154,100906,0.065013863,130628,0.078887317,158503,0.082857986,166481,0.087059589,174923,0.085629193,172049,0.062895642,126372,0.059462491,119474,0.332063031,667192,0.187416831,562660,0.13952787,280344,0.284319887,282316
state_Vermont,0.773212561,312940,0.084886362,42866,0.033741864,17039,0.04476208,22604,0.055192176,27871,0.06801444,34346,0.078634642,39709,0.077812829,39294,0.061802325,31209,0.07673556,38750,0.065285625,32968,0.353132098,178325,0.06566188,8112,0.027966198,3455,0.050816726,6278,0.078580564,9708,0.083032491,10258,0.088552881,10940,0.094210876,11639,0.059089217,7300,0.087095886,10760,0.051585696,6373,0.313407586,38719,0.091112865,34754,0.035612509,13584,0.042801077,16326,0.04761705,18163,0.063150333,24088,0.075422282,28769,0.072501763,27655,0.062681058,23909,0.073380016,27990,0.069722813,26595,0.365998233,139606,0.232392902,117354,0.170480732,65028,0.423548267,52326
state_Virginia,0.743749831,4137577,0.075333252,543458,0.044772064,322988,0.060845971,438946,0.065210647,470433,0.064593518,465981,0.068984809,497660,0.06653667,479999,0.062081338,447858,0.059046289,425963,0.0502023,362162,0.38239314,2758604,0.080541524,161284,0.058786664,117720,0.085958267,172131,0.081345521,162894,0.077088832,154370,0.077040891,154274,0.07049306,141162,0.056158942,112458,0.057890781,115926,0.044047051,88204,0.310648466,622072,0.07333202,382174,0.039387078,205268,0.051196792,266815,0.059010964,307539,0.059792304,311611,0.06588933,343386,0.065016462,338837,0.064356967,335400,0.059490283,310037,0.0525674,273958,0.409960401,2136532,0.204696889,1476694,0.1619658,844094,0.315905907,632600
state_Washington,0.743753888,3731533,0.061156053,395855,0.042915295,277785,0.050515637,326981,0.065479485,423840,0.06302246,407936,0.067401817,436283,0.066279286,429017,0.065762976,425675,0.058699491,379954,0.054230992,351030,0.404536506,2618511,0.06286055,109424,0.057002703,99227,0.072400735,126031,0.088374383,153837,0.082067302,142858,0.078499284,136647,0.072674181,126507,0.066790484,116265,0.057271554,99695,0.052865962,92026,0.309192861,538225,0.060529044,286431,0.037733154,178558,0.042465066,200950,0.057057453,270003,0.056016694,265078,0.063319545,299636,0.063926883,302510,0.065385001,309410,0.059224767,280259,0.054733127,259004,0.439609266,2080286,0.229489807,1485457,0.143280239,678020,0.463846452,807437
state_West Virginia,0.654487433,710649,0.101985463,141642,0.085651747,118957,0.088739204,123245,0.090473739,125654,0.088065983,122310,0.085617906,118910,0.085471741,118707,0.062456214,86742,0.053284564,74004,0.04463565,61992,0.21361779,296682,0.108450539,40744,0.098868222,37144,0.12396857,46574,0.103811101,39001,0.09669623,36328,0.078766649,29592,0.092605113,34791,0.053897874,20249,0.052905039,19876,0.041366332,15541,0.148664331,55852,0.099588117,100898,0.080750884,81813,0.075675638,76671,0.08552805,86653,0.084865761,85982,0.088158452,89318,0.082826582,83916,0.065629772,66493,0.053425297,54128,0.045847962,46451,0.237703486,240830,0.354191432,491917,0.258181143,261577,0.61310861,230340
state_Wisconsin,0.778935819,2877371,0.06423158,307184,0.052377393,250492,0.06382593,305244,0.062487912,298845,0.06970765,333373,0.084738664,405258,0.080887705,386841,0.073579728,351891,0.068004337,325227,0.063187972,302193,0.316971131,1515897,0.070638373,93384,0.069507512,91889,0.095039262,125642,0.078468171,103735,0.082064991,108490,0.095742741,126572,0.089963623,118932,0.069650477,92078,0.064202675,84876,0.054818415,72470,0.22990376,303933,0.061783979,213800,0.045833136,158603,0.051901432,179602,0.056382938,195110,0.064986747,224883,0.080534752,278686,0.077420412,267909,0.075080828,259813,0.069456694,240351,0.066385412,229723,0.350233669,1211964,0.230146295,1100662,0.127199284,440166,0.499618382,660496
state_Wyoming,0.749900346,269020,0.077100251,36487,0.058099362,27495,0.082450591,39019,0.080453722,38074,0.079724707,37729,0.090326071,42746,0.092944187,43985,0.062310747,29488,0.06026739,28521,0.051597389,24418,0.264725584,125279,0.07430028,10231,0.072390303,9968,0.11356011,15637,0.109282633,15048,0.097350724,13405,0.099282488,13671,0.1174309,16170,0.064953739,8944,0.051794507,7132,0.041097184,5659,0.158557132,21833,0.078249285,26256,0.052234736,17527,0.069684064,23382,0.068623097,23026,0.072491454,24324,0.086650593,29075,0.082895486,27815,0.061226132,20544,0.063744438,21389,0.055906396,18759,0.308294317,103446,0.137840973,65232,0.036811973,12352,0.384028817,52880